order_id,order_date,product_id,quantity
SO735539,2025-10-26,1017,6
SO611458,2025-12-27,1001,2
SO630527,2023-12-24,1008,6
SO258445,2024-11-15,1006,3
SO660407,2025-06-09,1013,4
SO700086,2024-07-24,1004,4
SO919420,2023-03-03,1019,3
SO322499,2025-07-24,1010,4
SO631697,2023-02-23,1001,3
SO455565,2024-11-15,1006,3
SO596222,2025-10-30,1003,4
SO290393,2023-05-15,1001,5
SO887231,2023-06-17,1020,2
SO886126,2024-12-06,1020,6
SO719107,2024-11-22,1014,7
SO443060,2024-12-05,1003,4
SO131122,2023-12-22,1001,5
SO714772,2024-01-21,1014,2
SO549165,2025-02-09,1004,5
SO621014,2024-05-12,1003,5
SO346668,2024-05-21,1019,2
SO945044,2023-02-25,1007,3
SO307124,2025-11-03,1013,3
SO975151,2024-02-23,1004,3
SO779792,2023-10-06,1018,7
SO932272,2025-02-15,1015,1
SO984743,2023-10-10,1008,5
SO207878,2025-09-27,1003,3
SO159798,2023-04-16,1009,2
SO548499,2024-02-03,1010,1
SO769798,2024-05-24,1017,3
SO330377,2023-08-16,1018,3
SO574998,2024-03-12,1017,1
SO442078,2025-06-02,1009,5
SO734324,2025-06-01,1017,5
SO808640,2025-07-14,1001,2
SO173258,2024-12-29,1009,6
SO988371,2024-01-30,1007,4
SO881567,2025-01-10,1005,5
SO821669,2023-03-26,1004,5
SO918503,2023-09-17,1018,2
SO226105,2024-12-11,1010,6
SO840084,2025-01-26,1016,3
SO182814,2023-02-08,1016,5
SO294428,2025-12-26,1018,6
SO930153,2023-11-03,1007,3
SO326004,2025-08-03,1013,2
SO212428,2023-01-14,1009,3
SO340622,2023-04-13,1007,1
SO681963,2025-07-09,1016,2
SO857134,2025-03-04,1015,4
SO714042,2023-01-19,1001,2
SO368170,2024-11-11,1010,7
SO414835,2025-09-11,1020,2
SO902865,2024-12-16,1011,3
SO791873,2024-06-30,1009,2
SO405420,2024-07-08,1008,4
SO711124,2025-04-25,1003,5
SO716705,2025-06-20,1007,4
SO805566,2025-02-24,1001,1
SO347063,2025-11-14,1001,2
SO858640,2023-12-01,1007,5
SO594545,2025-01-03,1016,2
SO252849,2024-07-06,1003,4
SO181534,2024-11-13,1007,4
SO990673,2025-09-22,1011,2
SO288770,2023-09-12,1012,1
SO808378,2025-10-03,1015,3
SO708761,2024-07-30,1003,5
SO864741,2023-01-28,1017,4
SO834660,2023-09-22,1008,3
SO512499,2024-02-18,1015,4
SO914235,2024-02-23,1003,1
SO721321,2023-05-25,1017,3
SO166106,2024-12-22,1015,5
SO589268,2025-02-08,1012,3
SO190403,2023-01-20,1011,3
SO403088,2025-02-28,1004,4
SO778079,2025-06-12,1013,1
SO284458,2025-01-30,1015,1
SO688479,2023-05-23,1005,5
SO290813,2025-01-24,1009,2
SO213078,2023-08-27,1006,4
SO254271,2023-07-11,1018,4
SO413341,2023-06-27,1003,2
SO627689,2023-03-16,1010,5
SO805227,2024-12-06,1019,6
SO370296,2025-08-14,1006,2
SO552917,2023-01-18,1008,1
SO263908,2025-02-02,1017,5
SO888960,2023-08-31,1002,1
SO354621,2023-02-17,1014,3
SO829239,2024-04-11,1009,5
SO884781,2024-01-11,1018,3
SO427107,2023-05-01,1018,5
SO613589,2024-03-30,1013,4
SO945975,2023-07-19,1011,5
SO355380,2025-09-07,1002,2
SO794352,2024-06-09,1013,5
SO657801,2023-06-29,1015,3
SO331092,2024-08-30,1003,5
SO995158,2025-07-16,1020,3
SO801153,2024-10-23,1011,4
SO514608,2023-03-05,1014,5
SO331610,2025-09-07,1013,5
SO599817,2024-10-04,1003,5
SO836691,2023-12-11,1003,3
SO267377,2023-10-20,1003,4
SO490110,2023-12-06,1010,4
SO691118,2024-09-10,1003,1
SO554050,2023-11-30,1005,4
SO911977,2025-07-19,1011,2
SO117473,2024-09-16,1008,5
SO441530,2023-10-09,1019,4
SO408659,2023-08-25,1018,5
SO394032,2025-05-22,1016,4
SO196513,2023-12-23,1005,5
SO468758,2023-09-16,1010,4
SO662885,2025-12-06,1017,5
SO707767,2023-03-07,1009,2
SO959644,2024-02-11,1010,2
SO808991,2025-07-04,1018,3
SO829615,2023-08-19,1013,2
SO372586,2024-11-27,1010,5
SO438426,2024-11-20,1004,6
SO409591,2025-11-07,1012,3
SO878957,2023-04-22,1012,5
SO898536,2024-05-10,1012,2
SO718248,2025-07-02,1013,5
SO465095,2024-06-19,1014,5
SO220634,2024-12-04,1018,7
SO135097,2023-11-05,1015,6
SO851057,2023-11-06,1012,2
SO813130,2023-07-13,1019,3
SO306930,2023-06-17,1019,4
SO183440,2024-04-04,1013,5
SO456610,2025-04-24,1001,4
SO447940,2025-11-17,1010,7
SO338099,2025-10-15,1012,6
SO707459,2023-04-21,1011,5
SO402192,2023-10-10,1011,4
SO201314,2024-01-23,1015,2
SO383012,2024-01-16,1011,1
SO812562,2024-02-11,1012,3
SO563133,2024-04-28,1012,1
SO985976,2023-03-30,1003,4
SO520744,2025-01-07,1009,3
SO468252,2025-09-06,1018,1
SO328505,2024-03-01,1016,4
SO260780,2023-02-03,1010,4
SO899271,2024-02-06,1005,2
SO709516,2023-10-16,1007,4
SO415961,2024-11-10,1005,7
SO633950,2023-03-10,1016,5
SO534450,2023-01-17,1004,2
SO704915,2025-12-30,1017,5
SO144299,2025-12-30,1012,4
SO703921,2025-01-13,1004,1
SO369990,2023-11-03,1015,7
SO269388,2025-01-28,1004,4
SO470121,2025-11-04,1015,7
SO935401,2024-04-18,1015,1
SO728929,2023-03-09,1017,5
SO494994,2023-03-05,1002,4
SO529015,2024-04-28,1011,5
SO135765,2023-12-07,1005,6
SO815080,2025-12-03,1004,2
SO444121,2025-12-12,1008,7
SO825430,2024-08-20,1015,1
SO424622,2023-03-29,1001,5
SO289254,2023-08-31,1010,1
SO984797,2024-05-14,1002,2
SO226991,2025-11-10,1016,6
SO919923,2024-03-15,1006,3
SO676633,2024-10-07,1010,4
SO723005,2023-05-04,1012,1
SO218596,2024-06-22,1008,4
SO592462,2025-10-30,1012,5
SO382891,2025-02-01,1013,3
SO222662,2023-08-30,1015,5
SO812931,2025-04-23,1005,1
SO540880,2025-08-19,1015,1
SO751151,2023-07-16,1006,5
SO729234,2023-01-22,1006,5
SO406033,2023-10-14,1019,2
SO776953,2023-04-24,1005,1
SO124435,2023-11-04,1017,3
SO179442,2025-05-21,1020,3
SO660459,2024-10-19,1004,6
SO459342,2024-08-24,1015,5
SO576222,2025-06-21,1001,1
SO458585,2025-02-11,1020,3
SO312062,2023-05-15,1016,1
SO136678,2023-10-13,1015,6
SO706668,2025-04-12,1001,2
SO965360,2025-12-05,1019,2
SO898240,2023-08-04,1007,3
SO161076,2023-03-30,1005,1
SO429031,2024-12-08,1005,2
SO506816,2024-04-02,1016,4
SO507569,2025-10-16,1018,4
SO777282,2025-11-01,1013,7
SO721222,2024-06-05,1007,2
SO930152,2023-06-22,1001,5
SO828725,2023-10-16,1005,3
SO727700,2025-03-01,1017,4
SO535687,2023-08-08,1015,1
SO525384,2025-01-19,1015,5
SO206513,2024-01-15,1007,4
SO993927,2025-01-05,1009,4
SO464186,2024-04-27,1016,5
SO936116,2025-02-23,1008,3
SO727502,2023-04-07,1012,5
SO875929,2025-08-19,1007,1
SO844682,2025-05-29,1018,3
SO205604,2024-06-29,1015,4
SO644478,2024-05-31,1008,5
SO846363,2025-05-02,1005,2
SO713246,2023-03-06,1017,1
SO490022,2024-02-14,1020,5
SO817345,2025-01-04,1017,3
SO143908,2025-12-05,1002,6
SO399537,2024-06-12,1005,4
SO556699,2023-08-13,1008,5
SO190106,2023-02-18,1017,2
SO903130,2025-01-11,1015,4
SO131621,2024-12-19,1019,3
SO841810,2024-12-29,1007,5
SO615864,2024-08-10,1009,2
SO119905,2023-04-03,1012,2
SO495336,2023-08-16,1017,3
SO507853,2024-12-14,1006,3
SO489035,2024-04-02,1013,1
SO774059,2023-10-17,1020,6
SO644092,2024-06-23,1013,1
SO138069,2024-06-10,1012,1
SO687663,2024-10-04,1012,4
SO401241,2024-07-22,1017,1
SO332546,2024-01-04,1018,2
SO722667,2025-06-27,1016,1
SO774495,2024-09-19,1016,1
SO140319,2024-01-02,1017,1
SO433440,2023-07-22,1005,3
SO944946,2023-08-30,1009,3
SO637640,2023-06-02,1011,1
SO839394,2025-12-15,1016,5
SO393788,2023-09-09,1001,2
SO618370,2024-04-16,1002,5
SO713917,2023-02-26,1014,1
SO373771,2024-03-19,1006,1
SO487848,2024-05-23,1007,2
SO865619,2024-02-15,1001,4
SO141341,2024-11-24,1005,4
SO185366,2025-11-06,1008,3
SO230160,2024-08-19,1008,4
SO582058,2024-07-08,1007,5
SO725488,2023-10-13,1015,5
SO755627,2023-09-01,1002,1
SO674225,2023-09-07,1014,5
SO314107,2024-12-10,1001,6
SO202690,2024-01-23,1007,2
SO361469,2025-06-08,1012,1
SO205022,2024-11-28,1008,2
SO301403,2023-12-01,1012,4
SO567328,2023-11-30,1017,3
SO333982,2023-05-06,1002,2
SO288769,2025-04-05,1007,4
SO768331,2023-08-04,1009,1
SO553909,2024-02-18,1015,5
SO358369,2023-04-05,1009,4
SO900935,2024-06-07,1018,3
SO867087,2023-09-24,1008,1
SO282129,2025-08-14,1018,5
SO652078,2025-08-07,1020,3
SO471084,2025-05-07,1013,5
SO436297,2023-06-13,1003,1
SO596973,2023-11-27,1015,4
SO886454,2023-09-24,1019,2
SO336368,2023-11-02,1003,6
SO961533,2025-08-19,1011,2
SO322243,2024-09-29,1012,1
SO110964,2023-08-06,1002,5
SO295067,2025-05-04,1009,4
SO547410,2025-02-15,1018,2
SO113913,2024-10-11,1004,4
SO102702,2023-09-04,1009,4
SO708952,2024-12-24,1009,6
SO437271,2024-10-26,1012,3
SO908412,2025-11-06,1016,3
SO410936,2023-01-30,1004,4
SO632046,2024-01-02,1018,2
SO526739,2023-01-30,1014,1
SO994675,2025-03-01,1020,1
SO542989,2023-10-05,1008,6
SO978909,2024-07-15,1017,5
SO361452,2025-10-14,1017,6
SO606224,2025-07-23,1019,4
SO495507,2025-06-19,1003,1
SO352928,2024-02-27,1020,2
SO348589,2025-02-28,1013,4
SO348503,2024-02-22,1009,3
SO589548,2024-09-19,1001,4
SO450500,2025-03-02,1001,5
SO892747,2024-12-21,1017,3
SO218021,2023-01-27,1003,3
SO713160,2023-05-15,1014,2
SO467809,2024-06-03,1004,3
SO267983,2025-07-18,1020,2
SO168204,2025-03-05,1007,1
SO950811,2025-06-28,1008,1
SO543462,2024-03-16,1012,5
SO815857,2024-04-23,1007,5
SO560479,2023-07-12,1003,1
SO989772,2024-09-18,1004,4
SO924773,2025-08-27,1002,4
SO665494,2024-08-11,1004,1
SO591063,2023-06-09,1018,1
SO718202,2024-08-13,1010,1
SO288605,2025-12-16,1015,3
SO433138,2025-01-29,1009,4
SO202353,2023-04-03,1010,1
SO994663,2025-02-04,1016,1
SO255171,2025-12-30,1002,6
SO588028,2023-11-18,1006,6
SO622361,2023-03-13,1014,1
SO673931,2025-03-01,1005,4
SO356174,2023-01-25,1011,3
SO219707,2025-01-13,1019,3
SO680468,2024-04-12,1015,5
SO530414,2023-12-01,1013,2
SO258617,2024-08-10,1008,4
SO414355,2023-06-03,1018,4
SO826221,2023-07-04,1001,3
SO133638,2025-11-10,1016,7
SO223085,2023-03-25,1020,2
SO129423,2025-04-13,1020,2
SO332612,2023-08-01,1006,2
SO246734,2023-09-25,1008,1
SO340338,2023-01-12,1013,3
SO360746,2024-12-28,1015,7
SO755842,2024-07-07,1001,2
SO400284,2025-06-19,1017,1
SO701033,2024-10-19,1013,6
SO903456,2023-04-26,1014,5
SO240720,2024-08-19,1007,2
SO122471,2023-02-24,1014,5
SO258357,2023-03-25,1002,5
SO320080,2023-02-26,1012,2
SO593179,2025-11-14,1011,6
SO871810,2025-11-24,1017,2
SO542942,2025-05-22,1014,3
SO580103,2024-11-12,1019,6
SO537452,2023-08-27,1018,2
SO626872,2024-12-19,1019,3
SO954816,2025-11-16,1013,3
SO888129,2024-08-08,1009,1
SO682907,2023-04-16,1019,2
SO215835,2023-06-19,1011,2
SO715322,2023-08-03,1016,3
SO972295,2025-08-22,1015,4
SO791179,2025-05-23,1017,4
SO107029,2025-08-24,1003,3
SO152654,2024-06-24,1020,2
SO695554,2025-11-27,1003,4
SO691722,2025-02-27,1012,1
SO372572,2024-10-27,1007,6
SO622864,2025-02-05,1018,3
SO207987,2025-07-28,1019,2
SO244981,2024-05-17,1009,2
SO468148,2024-10-02,1007,3
SO543402,2023-10-02,1006,6
SO840600,2024-08-24,1020,4
SO574395,2025-03-23,1002,2
SO164652,2024-05-09,1015,3
SO927456,2024-05-27,1001,4
SO635635,2024-06-29,1019,1
SO500946,2024-06-05,1010,5
SO121778,2023-11-25,1009,6
SO172199,2023-06-06,1003,2
SO785412,2024-11-06,1003,4
SO166502,2024-03-03,1012,5
SO490361,2024-05-23,1019,3
SO526689,2023-10-10,1010,4
SO592947,2025-12-12,1016,3
SO501968,2025-01-07,1003,3
SO993057,2025-05-10,1017,1
SO159433,2024-04-30,1007,3
SO415387,2025-05-01,1020,2
SO964785,2023-05-13,1014,1
SO924230,2025-07-04,1008,3
SO654437,2024-11-30,1019,2
SO934073,2025-10-22,1003,3
SO730226,2023-11-05,1015,3
SO553738,2023-05-12,1013,1
SO504187,2025-05-08,1005,1
SO744585,2025-05-02,1002,3
SO963501,2023-10-24,1013,6
SO121153,2025-10-05,1006,7
SO240328,2024-05-22,1010,4
SO520906,2025-04-16,1004,1
SO423385,2024-09-29,1010,3
SO493684,2025-11-14,1018,6
SO764633,2025-05-03,1018,3
SO854640,2024-01-10,1005,2
SO864088,2025-11-12,1001,4
SO908396,2023-11-28,1007,4
SO453476,2024-03-04,1012,5
SO916842,2025-10-29,1016,5
SO847891,2024-07-11,1020,2
SO372427,2024-11-22,1004,3
SO573727,2023-11-14,1010,7
SO939385,2025-02-11,1014,3
SO221740,2023-07-26,1020,1
SO114230,2025-05-25,1001,2
SO927491,2023-07-07,1020,5
SO486579,2025-07-26,1001,4
SO861775,2025-06-05,1007,3
SO310683,2025-02-08,1006,1
SO591897,2023-11-21,1009,3
SO354821,2023-05-13,1015,3
SO122678,2024-03-22,1004,1
SO590958,2024-01-01,1013,4
SO709508,2023-11-15,1014,7
SO338970,2024-12-29,1005,5
SO782535,2025-01-09,1009,2
SO235295,2025-02-22,1007,3
SO656106,2024-10-21,1017,2
SO483547,2023-05-04,1005,4
SO468952,2025-03-20,1008,2
SO706883,2025-07-28,1019,2
SO759739,2024-11-02,1018,2
SO340538,2024-01-24,1006,5
SO165396,2023-01-18,1005,5
SO579330,2025-02-03,1004,1
SO143363,2023-10-26,1016,7
SO941733,2024-01-20,1016,4
SO471742,2023-12-16,1008,7
SO928136,2025-05-30,1011,1
SO523994,2024-07-05,1005,1
SO300002,2025-01-26,1016,1
SO216074,2025-10-27,1015,6
SO531441,2024-04-15,1011,5
SO324348,2023-09-27,1006,1
SO284571,2023-09-10,1016,4
SO346544,2024-06-02,1018,5
SO298911,2024-02-06,1012,2
SO921274,2024-06-23,1002,2
SO482071,2023-01-11,1005,2
SO440454,2024-10-11,1019,7
SO113830,2024-01-03,1004,5
SO392695,2023-06-04,1004,3
SO945175,2025-04-19,1014,4
SO534411,2025-06-15,1017,4
SO782984,2025-02-16,1006,2
SO654243,2025-06-28,1018,3
SO516697,2025-09-12,1009,1
SO829663,2025-03-31,1004,4
SO598598,2023-12-01,1020,7
SO970817,2024-07-20,1017,4
SO448997,2024-07-27,1009,5
SO978641,2025-02-14,1007,1
SO267156,2023-04-14,1017,3
SO704366,2024-07-26,1017,5
SO593498,2025-09-10,1014,3
SO594128,2025-01-22,1004,4
SO404630,2023-11-10,1006,3
SO324349,2023-09-04,1009,2
SO364088,2023-03-12,1018,2
SO165008,2023-12-02,1001,5
SO853100,2024-07-09,1003,3
SO245936,2024-04-13,1011,5
SO176222,2024-08-17,1019,4
SO433713,2024-12-09,1002,4
SO974495,2023-06-10,1008,5
SO264535,2024-07-25,1010,4
SO786872,2023-09-20,1012,5
SO737215,2024-02-04,1012,1
SO873944,2025-12-06,1019,6
SO618306,2024-01-28,1005,3
SO973145,2024-01-18,1002,1
SO886681,2025-06-15,1004,3
SO875663,2024-05-16,1007,2
SO125590,2023-03-12,1012,3
SO797169,2023-05-27,1016,2
SO421752,2024-01-07,1019,1
SO683844,2025-05-10,1007,4
SO972617,2025-05-04,1016,2
SO349401,2025-03-04,1013,1
SO588975,2025-11-05,1003,5
SO703861,2024-02-04,1011,5
SO910422,2023-05-13,1010,3
SO590173,2024-06-29,1013,4
SO391630,2024-04-14,1003,2
SO593261,2025-10-02,1004,3
SO920516,2023-06-24,1004,4
SO602243,2024-05-09,1008,1
SO190226,2024-09-11,1011,1
SO273518,2023-03-06,1004,1
SO549349,2023-06-08,1001,5
SO216605,2025-07-01,1001,1
SO251954,2025-05-02,1005,4
SO431290,2024-08-05,1007,1
SO824511,2024-08-22,1020,4
SO240794,2023-04-27,1014,1
SO951679,2025-06-29,1016,1
SO948508,2025-08-13,1012,3
SO766450,2023-03-20,1017,5
SO215655,2024-03-30,1005,3
SO890422,2023-03-27,1011,4
SO485086,2025-10-04,1020,3
SO515200,2025-12-26,1006,6
SO702091,2023-05-21,1019,1
SO885829,2024-01-26,1012,2
SO613387,2025-07-01,1004,4
SO642574,2023-11-24,1001,4
SO251221,2023-11-15,1001,4
SO255004,2024-05-22,1006,2
SO977496,2023-02-03,1001,3
SO233903,2023-01-06,1007,2
SO404213,2023-09-15,1008,5
SO706587,2025-05-17,1020,2
SO113658,2023-08-02,1019,5
SO895537,2025-04-03,1014,4
SO104595,2023-05-31,1019,4
SO532385,2024-02-17,1010,4
SO467164,2024-10-08,1017,3
SO626344,2024-08-22,1004,5
SO442600,2023-01-08,1008,4
SO778073,2025-12-25,1015,3
SO801687,2025-10-06,1010,4
SO859430,2023-06-25,1012,5
SO442684,2025-02-28,1012,1
SO223825,2023-06-06,1015,4
SO136046,2025-10-15,1010,5
SO696278,2023-06-12,1019,4
SO560474,2024-09-18,1019,1
SO851543,2024-10-04,1017,3
SO352423,2023-05-21,1020,4
SO349830,2023-03-18,1005,3
SO704240,2023-07-08,1018,2
SO604187,2024-08-29,1005,2
SO197137,2023-11-01,1002,7
SO912588,2023-06-25,1016,5
SO510049,2024-12-18,1020,4
SO430191,2025-04-02,1003,1
SO776301,2024-06-20,1016,1
SO863959,2023-09-13,1006,4
SO753826,2023-06-05,1001,2
SO784727,2024-04-01,1006,5
SO182712,2024-11-22,1005,4
SO113091,2023-10-14,1002,2
SO489371,2024-04-11,1008,5
SO750136,2025-10-09,1009,5
SO264850,2023-09-28,1015,1
SO446386,2025-06-23,1020,2
SO390711,2023-01-09,1019,1
SO475997,2023-06-24,1007,5
SO733755,2025-12-30,1016,4
SO870621,2024-02-16,1007,3
SO956039,2023-12-26,1012,6
SO771618,2024-06-07,1012,1
SO112797,2023-07-28,1002,1
SO126061,2025-01-11,1013,3
SO720668,2023-07-27,1006,4
SO185599,2023-03-31,1016,1
SO742341,2025-10-06,1011,3
SO205148,2025-06-22,1016,3
SO799890,2024-04-12,1011,3
SO231826,2024-09-13,1009,1
SO567661,2025-01-26,1003,1
SO506668,2024-01-29,1009,2
SO145323,2025-06-19,1019,1
SO202608,2023-10-20,1014,5
SO635019,2023-08-09,1001,4
SO785294,2024-09-22,1019,3
SO392354,2023-11-03,1005,4
SO865684,2025-06-29,1005,2
SO910408,2024-11-15,1016,6
SO249322,2025-06-16,1004,4
SO376769,2023-12-04,1001,4
SO380084,2025-02-27,1019,5
SO607674,2023-02-17,1010,1
SO889598,2025-09-01,1008,4
SO839344,2025-07-24,1008,1
SO179367,2025-01-04,1007,2
SO980125,2023-01-19,1001,2
SO325619,2025-11-25,1013,3
SO334667,2025-03-12,1004,2
SO794519,2023-07-21,1019,5
SO960728,2023-05-03,1010,3
SO496511,2023-10-06,1004,5
SO452389,2025-08-22,1011,4
SO887045,2025-08-15,1014,4
SO708574,2024-05-13,1009,4
SO602438,2023-08-15,1002,2
SO390305,2023-03-15,1020,1
SO962820,2024-10-21,1006,3
SO582656,2024-07-30,1007,1
SO958770,2023-07-30,1013,1
SO401068,2023-07-22,1018,3
SO517658,2023-12-19,1016,6
SO345097,2025-08-14,1011,1
SO749116,2023-08-23,1003,1
SO503592,2025-04-19,1009,3
SO904083,2025-09-28,1011,1
SO731780,2024-05-10,1002,4
SO226062,2025-12-18,1020,3
SO712325,2024-06-05,1006,5
SO818193,2025-10-23,1013,3
SO360184,2024-10-29,1002,7
SO170067,2024-02-05,1013,1
SO802366,2023-04-17,1016,5
SO767122,2025-09-22,1010,2
SO486552,2024-08-13,1020,4
SO940649,2023-01-24,1002,5
SO781166,2023-06-18,1008,5
SO111884,2024-02-29,1018,2
SO357751,2024-07-27,1017,2
SO367615,2024-02-07,1017,5
SO450206,2024-04-17,1002,3
SO616568,2024-05-04,1003,5
SO154304,2024-04-03,1003,1
SO321741,2024-11-26,1005,3
SO398868,2025-02-22,1005,4
SO161831,2025-01-14,1007,5
SO727237,2023-09-16,1018,5
SO621718,2025-12-11,1012,2
SO217571,2025-09-13,1010,5
SO984921,2024-01-14,1005,4
SO810873,2024-09-18,1019,2
SO879553,2023-08-25,1004,1
SO981631,2024-07-29,1002,5
SO600235,2023-03-30,1005,4
SO996926,2025-11-07,1004,6
SO795247,2023-08-15,1003,5
SO218075,2023-07-08,1018,3
SO409109,2025-07-20,1016,4
SO427970,2025-01-21,1001,1
SO144354,2024-06-27,1016,2
SO122529,2023-12-06,1003,4
SO416833,2023-03-22,1013,2
SO819752,2023-07-05,1001,3
SO500163,2023-04-03,1020,5
SO989188,2025-01-27,1006,1
SO175263,2024-06-04,1006,5
SO580416,2025-09-19,1017,3
SO167316,2025-10-15,1008,3
SO489801,2023-06-04,1017,4
SO205064,2025-09-18,1003,5
SO449999,2024-06-07,1001,5
SO864921,2024-03-06,1006,2
SO255292,2025-07-23,1013,5
SO947155,2024-04-25,1010,2
SO790338,2023-08-23,1015,1
SO504477,2024-02-27,1002,2
SO968209,2024-10-07,1015,6
SO655366,2025-02-21,1008,5
SO525030,2023-02-01,1011,5
SO994901,2024-01-14,1008,1
SO809300,2023-08-22,1018,5
SO845189,2025-01-20,1003,5
SO277341,2024-07-09,1018,1
SO640272,2023-08-31,1019,2
SO834331,2024-01-17,1009,4
SO457901,2025-10-21,1014,6
SO932665,2025-06-27,1019,5
SO331167,2024-10-06,1013,3
SO270500,2025-06-13,1003,4
SO196635,2024-02-19,1019,2
SO979832,2023-01-17,1016,5
SO703203,2024-07-06,1017,4
SO773005,2023-12-09,1013,7
SO527488,2024-11-16,1017,4
SO220742,2025-08-17,1012,2
SO121945,2025-08-24,1002,1
SO447038,2024-01-08,1008,3
SO780582,2023-07-02,1006,2
SO126248,2024-12-27,1020,5
SO495596,2024-01-03,1005,3
SO216682,2023-05-19,1019,1
SO688022,2023-03-27,1008,3
SO932202,2023-11-11,1012,5
SO228319,2023-08-29,1014,3
SO479972,2024-06-30,1005,5
SO869905,2023-08-31,1010,2
SO760528,2023-08-31,1009,4
SO324521,2023-08-04,1001,4
SO558106,2023-05-24,1001,4
SO305388,2023-08-14,1011,1
SO715117,2024-09-04,1009,4
SO319946,2025-10-07,1004,6
SO764684,2023-03-08,1014,3
SO885242,2023-10-20,1002,3
SO627482,2025-02-19,1011,2
SO222439,2025-04-05,1007,4
SO640432,2025-02-01,1009,1
SO523117,2025-12-01,1002,6
SO294423,2024-11-09,1006,5
SO235571,2025-06-02,1020,4
SO745537,2025-05-19,1007,3
SO946860,2024-11-07,1003,6
SO670041,2025-02-27,1008,3
SO617339,2025-04-02,1005,5
SO109537,2024-03-16,1015,1
SO699039,2023-05-19,1014,5
SO244836,2024-03-17,1010,4
SO106003,2025-03-01,1006,5
SO572046,2023-06-13,1016,5
SO885267,2025-02-13,1010,5
SO598468,2023-09-24,1018,5
SO941019,2024-08-30,1017,2
SO204635,2023-04-15,1007,1
SO775223,2025-02-19,1019,5
SO987174,2024-05-04,1010,2
SO873362,2023-06-22,1006,5
SO559341,2023-05-02,1003,1
SO199342,2025-10-24,1018,5
SO159144,2023-06-21,1013,5
SO317376,2024-11-11,1001,5
SO536839,2023-08-10,1017,5
SO897583,2024-12-28,1007,5
SO369777,2025-05-31,1018,2
SO416161,2023-11-22,1013,6
SO992776,2023-05-28,1015,3
SO135570,2025-09-09,1008,3
SO609169,2023-12-23,1006,6
SO835828,2025-10-23,1019,4
SO105881,2024-12-22,1009,3
SO255321,2025-05-05,1005,4
SO582559,2023-03-18,1010,1
SO514574,2023-07-19,1005,4
SO590978,2024-05-21,1001,1
SO699642,2025-08-20,1008,1
SO109447,2025-11-29,1002,6
SO890243,2025-10-12,1003,5
SO949759,2025-07-20,1011,1
SO808795,2025-03-30,1014,5
SO823456,2025-02-23,1015,3
SO826170,2023-07-12,1009,2
SO134768,2024-05-28,1002,4
SO214187,2025-12-24,1009,3
SO550297,2025-06-18,1015,4
SO483857,2025-06-29,1019,4
SO513022,2024-10-30,1020,7
SO151276,2024-12-02,1018,6
SO238490,2025-08-29,1007,5
SO291225,2025-10-09,1006,2
SO915232,2024-11-18,1004,5
SO169443,2025-06-16,1014,1
SO915206,2024-05-17,1020,4
SO988433,2025-08-07,1011,2
SO566812,2023-04-28,1001,3
SO186025,2023-03-06,1012,1
SO780686,2025-06-28,1005,3
SO204186,2023-07-09,1007,2
SO701710,2025-01-04,1007,5
SO628603,2025-02-16,1005,1
SO327634,2024-09-29,1008,4
SO682099,2024-05-27,1015,3
SO373176,2025-03-27,1016,5
SO962596,2024-07-27,1016,2
SO225694,2023-12-26,1006,5
SO255516,2024-11-08,1003,4
SO393289,2025-03-30,1009,4
SO622388,2025-03-18,1020,3
SO359999,2023-12-18,1004,3
SO682532,2024-06-03,1019,2
SO531372,2024-05-06,1001,2
SO225199,2023-08-08,1017,2
SO378100,2025-03-16,1014,4
SO212668,2025-09-02,1002,1
SO278527,2024-11-27,1008,3
SO529280,2024-09-23,1011,2
SO713056,2023-02-06,1018,4
SO896810,2024-10-01,1005,5
SO304982,2024-03-25,1002,1
SO881960,2024-11-01,1009,6
SO218286,2025-07-19,1010,4
SO720471,2024-03-15,1006,5
SO262518,2023-01-06,1006,5
SO251842,2024-01-25,1015,3
SO634697,2023-08-21,1014,3
SO531538,2023-02-08,1004,1
SO117554,2024-07-02,1003,5
SO323121,2025-02-09,1013,5
SO985726,2023-09-27,1018,1
SO841012,2025-12-18,1013,5
SO389499,2023-02-25,1007,3
SO976555,2023-10-29,1010,3
SO600781,2024-10-17,1003,6
SO739259,2024-08-18,1018,5
SO798871,2025-06-17,1013,1
SO322500,2023-09-08,1001,1
SO521654,2024-02-24,1001,1
SO173956,2024-10-08,1003,3
SO110797,2023-09-30,1009,1
SO167403,2025-11-08,1019,3
SO853887,2025-03-07,1011,2
SO290865,2024-12-05,1001,5
SO232640,2025-06-19,1001,5
SO326735,2024-02-08,1020,3
SO212435,2023-12-24,1007,6
SO255514,2025-03-19,1006,2
SO627712,2023-02-09,1016,1
SO304775,2024-12-07,1018,2
SO971664,2023-01-16,1005,4
SO234287,2024-09-08,1002,2
SO454356,2025-12-16,1015,3
SO513773,2023-10-22,1011,4
SO720222,2025-12-07,1012,6
SO734369,2023-02-10,1004,2
SO748576,2025-09-25,1006,5
SO419394,2025-01-02,1001,3
SO879057,2025-04-01,1003,2
SO838198,2023-11-22,1004,5
SO929032,2024-05-29,1014,2
SO427506,2024-04-08,1008,5
SO230728,2025-05-29,1006,3
SO729640,2024-03-16,1003,1
SO122230,2024-04-30,1020,1
SO648155,2025-10-06,1001,3
SO588449,2023-11-24,1002,4
SO360370,2023-05-11,1008,1
SO564197,2023-07-08,1012,1
SO945803,2023-12-12,1017,3
SO312694,2025-04-23,1013,3
SO634631,2025-08-03,1020,5
SO849181,2025-03-21,1019,1
SO322804,2023-09-02,1019,4
SO138430,2024-03-17,1013,3
SO173080,2024-10-23,1007,5
SO314455,2025-04-22,1005,4
SO166775,2023-09-23,1016,4
SO384317,2024-03-29,1015,1
SO671735,2024-07-18,1006,5
SO781753,2025-01-08,1003,1
SO596141,2025-04-29,1012,2
SO953886,2023-08-20,1002,5
SO204619,2023-03-03,1012,5
SO840387,2025-06-08,1001,3
SO733388,2024-10-22,1003,6
SO260152,2025-12-15,1018,6
SO948463,2023-03-20,1001,2
SO403189,2023-12-11,1011,3
SO600490,2024-10-28,1001,5
SO177796,2024-06-12,1019,4
SO407134,2024-01-19,1011,3
SO390122,2023-10-24,1008,5
SO645054,2024-11-14,1020,7
SO723842,2025-05-19,1012,4
SO483354,2023-12-11,1015,3
SO153128,2024-07-16,1007,3
SO945098,2024-08-16,1016,3
SO832345,2025-07-29,1011,4
SO200292,2025-11-23,1005,4
SO156461,2025-08-11,1017,4
SO559388,2024-12-16,1019,3
SO610080,2024-01-16,1002,5
SO855427,2023-08-04,1009,3
SO525606,2025-01-30,1008,4
SO290229,2023-09-12,1013,2
SO303109,2023-07-31,1008,4
SO843633,2024-02-10,1015,5
SO348688,2024-07-15,1006,1
SO926802,2024-09-24,1003,5
SO566639,2023-02-23,1009,4
SO833406,2024-12-18,1019,5
SO548873,2025-03-25,1002,4
SO107387,2024-11-06,1013,6
SO586516,2025-04-02,1011,3
SO968646,2024-06-07,1010,3
SO948887,2024-04-15,1001,1
SO736530,2023-04-16,1008,4
SO264782,2023-05-01,1015,1
SO125647,2024-06-13,1007,2
SO423120,2024-12-05,1015,5
SO709960,2025-06-19,1005,4
SO941174,2024-02-28,1015,3
SO101627,2025-01-14,1003,4
SO627518,2023-02-07,1013,2
SO348830,2023-10-29,1020,6
SO631380,2024-02-04,1003,3
SO515478,2024-11-20,1001,7
SO485699,2025-09-23,1008,3
SO654962,2025-08-21,1007,5
SO362148,2024-02-17,1019,2
SO576727,2025-03-30,1017,5
SO261508,2024-04-29,1010,4
SO252762,2023-06-01,1008,4
SO103789,2024-12-25,1010,3
SO170524,2025-12-27,1018,4
SO698970,2023-11-20,1002,4
SO242624,2025-03-19,1010,2
SO284333,2024-02-11,1017,3
SO673204,2024-11-30,1009,7
SO388927,2023-03-24,1007,3
SO815495,2025-02-02,1017,3
SO990942,2024-12-23,1014,6
SO129008,2023-10-18,1015,4
SO246871,2025-07-09,1013,1
SO471832,2023-04-05,1015,3
SO293013,2025-03-29,1009,2
SO997799,2024-08-08,1005,5
SO915123,2025-06-22,1007,3
SO735864,2025-03-15,1018,4
SO988883,2023-08-05,1008,1
SO875347,2025-12-03,1015,5
SO592219,2023-04-18,1002,1
SO492137,2025-07-21,1004,4
SO200727,2024-08-30,1004,4
SO424678,2024-02-05,1004,4
SO770038,2024-05-16,1015,5
SO551165,2023-01-01,1013,1
SO487491,2023-03-15,1018,2
SO163386,2025-06-26,1018,1
SO733840,2023-05-21,1004,3
SO898122,2024-08-26,1007,2
SO142101,2023-11-26,1008,3
SO996975,2025-06-22,1005,1
SO658196,2023-03-24,1005,1
SO893669,2024-08-25,1012,3
SO253079,2024-11-15,1001,6
SO991787,2025-05-04,1015,2
SO100032,2024-01-14,1019,1
SO429521,2025-09-25,1008,1
SO604122,2023-04-23,1004,2
SO792032,2023-05-01,1008,4
SO632220,2024-10-26,1003,5
SO736039,2024-04-06,1001,1
SO571934,2023-03-15,1003,4
SO741710,2024-08-31,1020,4
SO334184,2023-05-21,1001,4
SO859949,2025-11-08,1011,3
SO900983,2023-12-13,1004,4
SO683185,2024-12-16,1002,3
SO292011,2025-07-10,1006,4
SO416624,2025-06-21,1003,4
SO606868,2025-01-09,1018,4
SO383038,2023-05-08,1007,3
SO665271,2023-12-08,1017,5
SO931611,2025-07-27,1007,2
SO944972,2023-05-12,1012,3
SO623392,2024-09-16,1015,3
SO207408,2024-11-05,1006,3
SO571357,2024-05-16,1018,2
SO536149,2025-06-15,1005,1
SO752361,2024-12-17,1015,4
SO747655,2025-06-06,1018,3
SO114849,2023-09-25,1006,1
SO448731,2024-10-09,1020,6
SO695876,2025-08-04,1005,4
SO567857,2025-09-01,1018,5
SO970775,2024-03-11,1006,3
SO611917,2024-04-18,1002,3
SO889254,2024-09-10,1016,3
SO998081,2024-12-21,1001,6
SO759233,2023-03-07,1008,2
SO999479,2024-09-28,1016,3
SO917791,2025-10-28,1007,7
SO595861,2025-09-29,1020,4
SO367642,2025-06-15,1019,3
SO791528,2025-06-24,1018,2
SO160680,2023-12-30,1006,3
SO348065,2024-10-06,1015,6
SO618244,2025-05-06,1015,3
SO911480,2025-10-24,1002,6
SO492634,2023-10-08,1011,6
SO723971,2023-09-12,1001,4
SO456061,2023-08-26,1002,5
SO312632,2024-04-25,1016,3
SO708779,2025-06-26,1006,2
SO631586,2023-03-24,1002,4
SO297125,2023-08-27,1002,4
SO582328,2025-08-25,1009,5
SO290509,2025-02-08,1018,4
SO741562,2024-09-11,1020,1
SO900048,2023-09-15,1014,4
SO662164,2025-03-31,1004,2
SO603974,2025-09-16,1007,5
SO539044,2025-04-03,1008,5
SO829836,2024-07-20,1018,1
SO760633,2025-11-05,1009,6
SO710850,2025-10-25,1019,5
SO213512,2024-04-28,1019,4
SO428409,2023-12-02,1013,2
SO178946,2025-12-19,1004,6
SO894257,2023-01-18,1011,3
SO175697,2025-10-02,1017,5
SO334434,2024-02-15,1008,4
SO504366,2025-06-13,1019,1
SO645109,2024-11-23,1019,4
SO432554,2023-02-28,1006,5
SO398227,2024-01-04,1006,1
SO260761,2023-05-15,1012,4
SO887837,2024-01-25,1006,1
SO778481,2024-11-02,1004,4
SO646982,2024-03-06,1008,3
SO392538,2024-03-27,1013,5
SO264857,2023-10-29,1012,3
SO547602,2025-06-27,1017,1
SO865241,2025-04-01,1015,3
SO782615,2023-08-01,1016,2
SO845992,2023-03-14,1014,4
SO238661,2025-12-06,1014,3
SO232263,2024-12-11,1002,5
SO123611,2024-12-16,1008,4
SO934338,2023-06-27,1005,5
SO306343,2024-07-19,1009,3
SO753120,2023-04-03,1012,4
SO579784,2025-03-12,1008,5
SO998756,2025-04-26,1017,2
SO678792,2025-02-16,1011,5
SO673809,2025-09-07,1009,1
SO146399,2025-02-11,1011,1
SO999297,2024-10-12,1002,5
SO541537,2023-11-18,1010,6
SO762752,2023-03-18,1009,5
SO119994,2024-07-13,1011,5
SO844001,2023-11-02,1008,4
SO206563,2024-08-28,1014,2
SO214243,2023-02-08,1002,3
SO289881,2023-11-08,1014,6
SO922661,2024-11-10,1007,4
SO752810,2025-06-12,1015,1
SO833164,2025-03-01,1011,5
SO915903,2023-09-07,1009,2
SO874736,2024-02-02,1003,2
SO655070,2023-02-20,1003,3
SO788471,2023-08-28,1003,3
SO768879,2024-03-31,1002,4
SO939329,2023-04-15,1014,3
SO322912,2025-03-23,1009,1
SO470416,2023-07-09,1007,3
SO594346,2023-02-06,1007,4
SO792130,2023-05-05,1017,5
SO849838,2025-09-15,1012,3
SO213342,2023-08-21,1007,4
SO906011,2024-07-25,1016,5
SO866254,2024-08-11,1008,5
SO581579,2023-08-03,1004,5
SO544470,2024-03-24,1001,1
SO224754,2024-03-22,1020,2
SO872639,2023-01-08,1007,2
SO911561,2024-01-18,1017,1
SO588655,2023-09-30,1013,5
SO294431,2025-05-14,1001,3
SO392583,2025-07-20,1006,1
SO601773,2024-06-07,1006,1
SO244808,2025-11-29,1007,4
SO401075,2025-07-04,1003,5
SO309110,2023-01-25,1014,2
SO129943,2023-02-12,1011,2
SO558025,2023-04-28,1006,5
SO693670,2024-07-11,1008,5
SO192813,2024-05-03,1004,3
SO269036,2023-10-21,1016,2
SO975767,2023-10-01,1007,4
SO931386,2025-03-21,1019,2
SO282377,2023-10-23,1006,4
SO445535,2024-08-14,1020,1
SO796620,2023-04-01,1009,4
SO905200,2023-12-04,1005,7
SO710729,2025-09-07,1015,1
SO822336,2023-10-14,1004,4
SO851352,2023-01-20,1001,1
SO386230,2024-10-21,1016,3
SO855696,2025-06-03,1010,2
SO609919,2023-03-21,1011,2
SO963119,2023-08-19,1020,1
SO680520,2023-03-17,1018,1
SO195549,2023-12-28,1003,5
SO917718,2023-04-22,1010,4
SO794697,2025-07-08,1010,3
SO434814,2023-03-10,1003,3
SO368335,2023-11-09,1017,2
SO527679,2023-05-10,1011,4
SO871540,2025-04-30,1002,4
SO487117,2023-06-02,1003,1
SO267456,2023-01-27,1016,3
SO825464,2024-02-09,1016,5
SO547040,2023-07-08,1002,1
SO840476,2023-04-07,1004,4
SO832336,2024-11-08,1013,5
SO559741,2023-03-23,1009,3
SO285195,2025-10-12,1004,4
SO842397,2023-11-15,1019,5
SO399169,2024-09-21,1010,3
SO344201,2023-08-07,1020,1
SO474351,2023-04-24,1001,4
SO147466,2025-07-13,1013,4
SO623886,2024-06-11,1004,2
SO251837,2025-05-29,1010,1
SO903645,2025-10-01,1006,4
SO771844,2023-03-05,1020,1
SO209986,2024-06-24,1012,3
SO869451,2023-04-10,1003,1
SO934842,2024-09-10,1008,4
SO559819,2025-04-07,1003,3
SO246809,2023-05-26,1014,3
SO490564,2023-11-23,1004,5
SO111908,2023-03-01,1003,2
SO852425,2023-05-02,1005,5
SO420613,2025-08-11,1001,2
SO377447,2025-01-27,1004,4
SO102995,2024-03-06,1008,4
SO576889,2025-07-14,1006,4
SO710041,2023-10-11,1014,4
SO494946,2024-06-11,1011,1
SO270504,2025-06-25,1003,3
SO786840,2023-01-20,1011,5
SO417223,2025-05-06,1009,4
SO253327,2023-10-23,1009,7
SO144058,2023-09-26,1011,4
SO450189,2023-01-28,1003,2
SO527395,2023-03-11,1008,4
SO705569,2023-05-24,1017,3
SO974432,2024-08-10,1014,2
SO185981,2025-04-01,1009,3
SO133890,2023-01-05,1012,5
SO847025,2024-09-01,1017,5
SO471669,2023-04-13,1016,1
SO946247,2024-11-16,1016,2
SO533376,2023-03-11,1020,3
SO472858,2023-11-26,1003,3
SO853624,2023-10-20,1002,7
SO141167,2025-02-12,1004,3
SO428231,2024-01-26,1003,5
SO360502,2023-09-26,1007,5
SO996097,2025-11-23,1008,5
SO966508,2025-06-30,1016,4
SO675487,2024-10-28,1016,3
SO848295,2024-04-25,1016,5
SO215275,2023-10-20,1018,4
SO205025,2023-03-13,1003,1
SO630522,2023-07-05,1009,5
SO784648,2024-08-22,1011,2
SO367802,2024-11-02,1004,5
SO435967,2023-03-21,1012,3
SO275733,2024-04-29,1016,1
SO892019,2024-10-20,1016,7
SO892422,2024-11-01,1019,3
SO209348,2024-10-21,1013,5
SO217965,2024-06-27,1017,4
SO325094,2023-04-06,1018,4
SO473720,2025-04-26,1015,4
SO982411,2024-09-19,1020,2
SO386961,2023-04-30,1010,1
SO400009,2023-11-30,1006,4
SO161478,2025-11-15,1014,2
SO158670,2024-07-24,1018,2
SO876332,2023-01-12,1016,2
SO710363,2023-02-23,1007,5
SO114651,2023-03-04,1015,3
SO661783,2023-04-04,1008,5
SO836639,2024-01-28,1007,1
SO292329,2023-05-23,1017,3
SO551772,2024-09-27,1015,5
SO739611,2024-01-23,1001,2
SO807436,2024-07-09,1017,3
SO898306,2025-04-22,1020,1
SO946090,2023-09-10,1009,3
SO279250,2025-03-31,1002,1
SO321365,2023-11-20,1012,2
SO107215,2023-08-04,1019,4
SO712169,2025-03-26,1014,5
SO336246,2023-10-12,1010,6
SO394684,2025-04-17,1019,2
SO880666,2025-05-05,1007,3
SO708111,2025-09-13,1007,1
SO837826,2024-08-02,1008,2
SO830381,2025-03-18,1013,4
SO595388,2024-04-10,1007,1
SO492443,2023-09-23,1001,3
SO702867,2023-11-22,1010,5
SO911595,2024-04-23,1016,3
SO814272,2025-12-26,1017,2
SO644641,2023-06-11,1001,5
SO822120,2024-10-09,1007,6
SO292072,2025-06-03,1011,1
SO971461,2023-02-19,1002,1
SO712371,2024-10-20,1019,3
SO135694,2023-03-24,1019,2
SO822265,2023-01-15,1010,5
SO496243,2024-09-07,1013,1
SO643946,2024-07-24,1018,2
SO974700,2023-11-12,1016,5
SO382704,2023-04-07,1009,5
SO956243,2025-05-23,1017,3
SO999850,2024-05-19,1012,3
SO308123,2023-09-26,1005,2
SO131037,2023-01-13,1014,2
SO928035,2023-11-24,1013,4
SO741717,2023-12-29,1009,6
SO417649,2024-05-10,1004,2
SO181186,2024-10-10,1020,6
SO362865,2025-12-01,1020,6
SO788630,2024-09-26,1001,1
SO958456,2024-08-06,1009,1
SO679274,2025-04-07,1014,2
SO768373,2024-02-07,1012,3
SO369917,2023-08-18,1002,2
SO108051,2025-12-21,1020,5
SO608038,2025-03-15,1010,4
SO830866,2025-11-25,1004,2
SO104986,2025-11-23,1017,4
SO618755,2024-05-31,1013,5
SO792169,2024-05-15,1019,2
SO496522,2024-03-05,1008,2
SO732805,2024-02-08,1009,3
SO542041,2024-11-20,1017,4
SO250206,2025-03-08,1020,4
SO276243,2024-04-04,1010,5
SO203136,2023-10-24,1015,5
SO899176,2023-09-02,1020,5
SO964141,2024-07-02,1018,2
SO634922,2025-07-15,1017,1
SO185324,2023-01-11,1010,1
SO791645,2023-02-27,1007,2
SO849932,2024-09-28,1008,4
SO484601,2025-01-26,1011,1
SO840904,2024-06-12,1014,5
SO823066,2025-06-23,1005,5
SO459047,2023-01-23,1008,5
SO538827,2023-11-30,1004,6
SO869798,2025-08-29,1010,1
SO285371,2023-08-26,1009,5
SO609182,2023-01-01,1018,1
SO527812,2023-03-24,1016,3
SO375604,2025-07-09,1020,2
SO178438,2025-04-07,1011,5
SO816087,2025-06-05,1017,4
SO747458,2025-11-07,1016,4
SO458618,2024-07-11,1013,5
SO746903,2024-10-04,1008,6
SO102473,2024-02-06,1018,1
SO557552,2023-07-01,1006,3
SO490149,2023-01-14,1006,1
SO178603,2024-09-03,1008,1
SO476327,2024-12-06,1017,5
SO458390,2025-09-14,1020,5
SO883115,2023-11-10,1013,5
SO976940,2023-11-15,1010,5
SO914823,2025-09-22,1016,1
SO814944,2023-03-09,1002,4
SO533559,2024-10-30,1011,3
SO512933,2023-10-22,1020,5
SO909700,2024-01-25,1006,1
SO692938,2025-01-30,1002,5
SO801891,2023-08-29,1003,1
SO566611,2023-03-12,1009,5
SO179791,2025-10-31,1017,5
SO174010,2025-11-20,1009,5
SO138242,2024-09-12,1002,2
SO898251,2023-03-11,1020,1
SO111605,2023-01-13,1011,5
SO607166,2023-02-15,1019,1
SO636504,2023-04-04,1011,4
SO740007,2025-10-31,1015,2
SO884076,2025-07-08,1016,5
SO279034,2025-07-09,1015,1
SO529064,2025-01-22,1012,1
SO487614,2024-06-18,1004,3
SO341830,2025-12-29,1005,6
SO983952,2023-08-15,1004,4
SO595971,2023-07-03,1016,3
SO715745,2024-05-25,1005,2
SO617727,2023-09-08,1004,2
SO222994,2025-11-21,1013,2
SO783872,2025-02-21,1009,5
SO119149,2023-06-08,1020,3
SO896176,2024-10-06,1007,4
SO391383,2025-09-10,1003,4
SO299001,2023-03-28,1018,1
SO610712,2023-11-28,1012,5
SO534704,2024-05-02,1010,3
SO433183,2024-08-04,1007,2
SO511438,2025-11-28,1004,5
SO700618,2023-08-12,1015,2
SO874445,2023-07-25,1007,4
SO570956,2023-09-28,1014,5
SO431804,2025-10-28,1001,6
SO814938,2023-06-16,1008,3
SO849460,2025-05-24,1020,5
SO197907,2023-10-12,1001,6
SO826708,2025-04-20,1001,1
SO651598,2024-08-28,1014,5
SO727110,2023-06-05,1004,2
SO460100,2024-12-07,1005,5
SO821032,2023-09-22,1006,5
SO890850,2023-09-02,1020,2
SO678591,2023-06-23,1002,2
SO875326,2024-06-19,1001,4
SO269377,2025-06-11,1001,2
SO189722,2024-03-14,1002,1
SO631962,2024-02-16,1006,2
SO414783,2025-08-15,1001,1
SO431215,2023-04-17,1008,4
SO365331,2023-01-13,1020,3
SO211155,2024-09-27,1020,3
SO758013,2023-08-27,1019,2
SO303588,2023-10-09,1006,4
SO689541,2024-08-16,1007,3
SO982710,2024-05-09,1007,3
SO768472,2025-05-22,1003,4
SO968360,2023-09-02,1017,5
SO754274,2024-05-10,1015,3
SO740668,2023-06-09,1003,5
SO503577,2025-07-28,1006,4
SO897050,2023-08-26,1008,5
SO867288,2023-07-02,1012,3
SO346257,2023-11-21,1007,5
SO186263,2024-07-24,1014,2
SO672619,2023-10-22,1003,3
SO790501,2023-05-23,1001,2
SO262210,2025-05-15,1014,3
SO962821,2024-05-03,1002,1
SO209711,2025-05-04,1015,4
SO840631,2024-03-21,1004,1
SO394562,2025-11-09,1012,6
SO135036,2023-02-18,1013,4
SO272321,2023-10-06,1015,7
SO971787,2024-05-06,1014,5
SO711030,2024-09-29,1012,1
SO554004,2023-08-30,1017,3
SO960611,2025-07-20,1019,3
SO606967,2023-08-21,1006,3
SO402991,2023-05-20,1014,4
SO167743,2023-05-26,1012,5
SO103173,2025-01-24,1002,1
SO650507,2024-09-29,1010,1
SO739918,2024-02-28,1019,5
SO937879,2024-04-03,1019,5
SO542082,2024-01-05,1014,5
SO443303,2024-02-24,1011,4
SO650556,2023-12-14,1017,4
SO442610,2025-09-11,1019,1
SO101243,2025-07-04,1001,4
SO300325,2025-08-25,1017,3
SO603763,2024-09-07,1017,3
SO658933,2024-03-25,1001,1
SO648784,2023-06-17,1015,2
SO211845,2025-02-13,1001,4
SO938528,2025-12-09,1017,3
SO637542,2023-10-29,1014,5
SO473781,2024-06-01,1012,3
SO746005,2024-06-07,1011,1
SO677127,2024-11-11,1003,2
SO100314,2024-08-21,1003,2
SO256502,2024-04-14,1007,5
SO947226,2025-10-18,1012,3
SO964985,2024-10-09,1020,5
SO337007,2023-05-08,1006,2
SO430469,2023-06-17,1008,2
SO308628,2023-06-18,1013,5
SO480754,2023-08-31,1014,4
SO998581,2025-11-04,1018,3
SO903972,2024-12-19,1012,4
SO767203,2023-02-06,1014,3
SO672678,2023-10-21,1001,4
SO168495,2025-09-17,1011,3
SO360120,2024-08-08,1018,3
SO722525,2024-02-11,1018,3
SO913196,2025-11-16,1005,6
SO858739,2023-10-24,1001,5
SO330030,2023-10-22,1003,5
SO530029,2025-04-22,1008,5
SO108832,2025-02-08,1012,5
SO703738,2023-04-26,1009,1
SO951727,2023-06-29,1004,1
SO500236,2023-10-11,1002,7
SO568895,2023-07-02,1014,1
SO976497,2025-07-29,1016,3
SO159846,2024-09-30,1017,1
SO600558,2025-04-20,1019,4
SO489721,2023-07-18,1019,5
SO425917,2024-01-25,1013,2
SO904651,2023-11-22,1006,5
SO141945,2025-08-14,1003,4
SO932675,2025-06-21,1011,5
SO220345,2024-07-20,1013,5
SO140561,2023-09-12,1017,5
SO357970,2024-03-13,1003,1
SO227853,2023-03-31,1008,4
SO205397,2023-06-19,1017,2
SO953756,2023-08-06,1003,3
SO120952,2024-08-27,1001,4
SO431889,2025-07-10,1001,3
SO618011,2024-03-10,1002,4
SO607304,2023-01-15,1006,5
SO646187,2025-07-06,1016,2
SO339055,2023-02-18,1009,1
SO272279,2023-07-08,1004,3
SO580999,2025-03-28,1002,1
SO708134,2023-11-06,1017,6
SO644113,2023-03-21,1009,2
SO455267,2025-09-06,1009,5
SO663803,2025-05-22,1002,3
SO667665,2024-01-03,1016,5
SO429213,2025-06-26,1010,3
SO743539,2025-12-09,1003,3
SO939077,2025-06-05,1019,5
SO271283,2025-09-15,1017,1
SO256146,2023-04-20,1015,2
SO246217,2023-12-06,1013,3
SO176888,2025-11-16,1004,5
SO645858,2025-11-15,1008,5
SO648721,2023-09-03,1006,2
SO852431,2023-01-17,1014,4
SO135438,2024-12-04,1001,3
SO790721,2025-11-01,1017,6
SO102763,2023-10-12,1009,7
SO395925,2025-04-14,1006,2
SO673858,2024-05-28,1001,4
SO385781,2024-06-30,1020,1
SO191361,2023-11-12,1010,5
SO721733,2024-11-12,1005,3
SO298658,2023-11-28,1006,3
SO838803,2025-02-24,1001,4
SO178005,2024-03-11,1005,1
SO871153,2025-11-18,1010,6
SO296334,2024-01-20,1018,3
SO134491,2024-05-05,1016,1
SO258593,2024-02-18,1012,5
SO692373,2023-03-23,1013,4
SO616107,2023-06-05,1009,3
SO550651,2025-08-25,1011,5
SO819029,2024-03-13,1014,3
SO313300,2025-07-04,1008,2
SO757552,2025-09-03,1014,5
SO679902,2023-07-31,1018,3
SO836220,2023-10-26,1016,5
SO800677,2023-11-26,1012,6
SO355463,2025-10-29,1010,2
SO484845,2024-01-23,1016,1
SO558629,2024-05-09,1018,4
SO405601,2025-03-26,1016,2
SO748876,2025-06-04,1013,2
SO959464,2024-01-21,1006,3
SO388868,2024-09-19,1013,2
SO718536,2023-11-27,1012,2
SO339529,2025-05-10,1015,1
SO182300,2024-08-30,1012,2
SO857084,2025-07-16,1009,5
SO119943,2025-11-25,1012,2
SO917093,2024-11-25,1011,2
SO969341,2024-08-19,1005,2
SO221049,2023-04-12,1020,3
SO723653,2023-10-20,1005,3
SO735124,2024-02-03,1008,3
SO956151,2024-04-03,1006,1
SO298072,2024-10-19,1018,5
SO897560,2025-05-14,1018,1
SO589602,2023-08-21,1004,5
SO443505,2025-04-20,1013,3
SO600751,2024-08-19,1012,4
SO895314,2025-10-31,1009,4
SO127073,2023-09-28,1002,2
SO825028,2025-11-04,1003,3
SO295809,2024-09-16,1018,3
SO576688,2024-12-21,1020,3
SO641470,2024-10-08,1007,6
SO969519,2023-02-02,1004,1
SO473235,2023-02-14,1009,1
SO264897,2024-11-28,1015,6
SO194161,2024-04-04,1005,3
SO937609,2025-09-04,1003,1
SO993214,2025-04-10,1010,2
SO287906,2024-04-28,1009,1
SO278719,2025-07-07,1012,2
SO687433,2023-04-17,1008,5
SO900530,2023-12-09,1016,6
SO309046,2024-11-04,1016,4
SO661294,2025-01-10,1003,2
SO247400,2025-05-18,1015,3
SO439455,2023-05-03,1013,4
SO970067,2025-09-13,1017,1
SO962935,2023-07-21,1015,4
SO804846,2025-10-15,1006,7
SO734399,2024-06-30,1012,4
SO995556,2023-07-24,1009,3
SO532191,2025-06-18,1005,4
SO595811,2024-11-20,1009,2
SO750235,2023-05-29,1020,5
SO779471,2023-07-23,1010,4
SO132458,2023-04-12,1004,1
SO945132,2024-06-07,1009,3
SO534575,2023-10-12,1001,4
SO458077,2023-12-30,1017,7
SO473488,2023-03-29,1010,4
SO328943,2025-10-03,1008,7
SO689240,2025-08-07,1020,5
SO519757,2024-04-25,1014,1
SO858786,2023-04-08,1005,3
SO172492,2024-01-30,1008,1
SO396329,2023-03-11,1020,3
SO535839,2025-08-30,1013,3
SO259282,2025-01-12,1004,1
SO114490,2023-08-01,1006,5
SO384275,2025-06-02,1006,3
SO457234,2024-12-25,1019,5
